{
  "train_loss": [
    3.9604899883270264,
    2.7418432235717773,
    2.326054096221924,
    2.086744546890259,
    1.953460931777954,
    1.844434380531311,
    1.7644380331039429,
    1.6878209114074707,
    1.6363894939422607,
    1.5678249597549438,
    1.5335365533828735,
    1.4981861114501953,
    1.466350793838501,
    1.4312220811843872,
    1.4020365476608276,
    1.369763731956482,
    1.3331398963928223,
    1.3108561038970947,
    1.2730456590652466,
    1.2776341438293457,
    1.2407398223876953,
    1.208495855331421,
    1.204288125038147,
    1.1895705461502075,
    1.14811110496521
  ],
  "val_loss": [
    4.7086567878723145,
    2.406026601791382,
    2.029639482498169,
    1.9421156644821167,
    1.7637615203857422,
    1.823391318321228,
    1.8615695238113403,
    1.4447678327560425,
    1.9742708206176758,
    1.3803606033325195,
    1.4425408840179443,
    1.2307394742965698,
    1.381713628768921,
    1.1890074014663696,
    1.2647430896759033,
    1.1490741968154907,
    1.2981014251708984,
    1.0841569900512695,
    1.1880189180374146,
    1.2268930673599243,
    1.0716086626052856,
    1.067859172821045,
    2.167337417602539,
    1.7730332612991333,
    1.2368308305740356
  ],
  "train_nll": [
    3.9604899883270264,
    2.7418432235717773,
    2.326054096221924,
    2.086744546890259,
    1.953460931777954,
    1.844434380531311,
    1.7644380331039429,
    1.6878209114074707,
    1.6363894939422607,
    1.5678249597549438,
    1.5335365533828735,
    1.4981861114501953,
    1.466350793838501,
    1.4312220811843872,
    1.4020365476608276,
    1.369763731956482,
    1.3331398963928223,
    1.3108561038970947,
    1.2730456590652466,
    1.2776341438293457,
    1.2407398223876953,
    1.208495855331421,
    1.204288125038147,
    1.1895705461502075,
    1.14811110496521
  ],
  "val_nll": [
    4.7086567878723145,
    2.406026601791382,
    2.029639482498169,
    1.9421156644821167,
    1.7637615203857422,
    1.823391318321228,
    1.8615695238113403,
    1.4447678327560425,
    1.9742708206176758,
    1.3803606033325195,
    1.4425408840179443,
    1.2307394742965698,
    1.381713628768921,
    1.1890074014663696,
    1.2647430896759033,
    1.1490741968154907,
    1.2981014251708984,
    1.0841569900512695,
    1.1880189180374146,
    1.2268930673599243,
    1.0716086626052856,
    1.067859172821045,
    2.167337417602539,
    1.7730332612991333,
    1.2368308305740356
  ],
  "train_bits_per_dim": [
    0.001859954188037041,
    0.0012876444080540408,
    0.0010923784861519628,
    0.0009799921905601118,
    0.0009173985673328087,
    0.0008661967233195409,
    0.0008286282553108513,
    0.0007926467639310706,
    0.0007684931666254233,
    0.0007362933901108061,
    0.0007201906186808023,
    0.0007035890863665093,
    0.0006886383523679689,
    0.0006721409501743154,
    0.0006584346271013539,
    0.0006432784320583255,
    0.0006260788793415206,
    0.0006156138022172417,
    0.0005978569854032075,
    0.0006000118630771529,
    0.0005826852828099549,
    0.0005675426358793969,
    0.0005655665708964852,
    0.0005586547941791928,
    0.0005391843090894715
  ],
  "val_bits_per_dim": [
    0.002211313736038914,
    0.001129935757373487,
    0.0009531740938126792,
    0.0009120705201761471,
    0.0008283105464750289,
    0.0008563143269993571,
    0.0008742438542554199,
    0.0006785024048024212,
    0.0009271714590745135,
    0.0006482550120658606,
    0.0006774565688972233,
    0.0005779888464173019,
    0.0006488904297375054,
    0.0005583903260663426,
    0.0005939578722246131,
    0.0005396366033070238,
    0.0006096238569872888,
    0.0005091497112929921,
    0.0005579261072704589,
    0.000576182468743884,
    0.000503256674255957,
    0.0005014958115223672,
    0.0010178408021836835,
    0.0008326648090519028,
    0.0005808495135702276
  ]
}